platform,country,city,zone,zone_tier,lat,lng,scraped_at,store_name,store_address,product_label,product_name,price,real_price,discount_pct,delivery_fee,service_fee_pct,eta_minutes,is_product_available,corridor
rappi,MX,CDMX,Polanco,premium,19.43161,-99.18605,2026-04-07T19:48:37,Mc Donald´s  - Plaza Galerías,"Galerías Plaza de las Estrellas, Circuito Interior Melchor Ocampo, Verónica Anzúres, Ciudad de México, CDMX",mctrio_big_mac,McTrío mediano Big Mac Tocino,169.0,169.0,0.0,9.9,0.0,35.0,False,Big Mac + Coca
rappi,MX,CDMX,Polanco,premium,19.43161,-99.18605,2026-04-07T19:48:37,Mc Donald´s  - Plaza Galerías,"Galerías Plaza de las Estrellas, Circuito Interior Melchor Ocampo, Verónica Anzúres, Ciudad de México, CDMX",big_mac,Big Mac Tocino,145.0,145.0,0.0,9.9,0.0,35.0,False,Big Mac + Coca
rappi,MX,CDMX,Polanco,premium,19.43161,-99.18605,2026-04-07T19:48:37,Mc Donald´s  - Plaza Galerías,"Galerías Plaza de las Estrellas, Circuito Interior Melchor Ocampo, Verónica Anzúres, Ciudad de México, CDMX",mctrio_big_mac,McTrío Big Mac mediano+McFlurry Oreo,208.0,208.0,0.0,9.9,0.0,35.0,False,Mc para Todos
rappi,MX,CDMX,Polanco,premium,19.43161,-99.18605,2026-04-07T19:48:37,Mc Donald´s  - Plaza Galerías,"Galerías Plaza de las Estrellas, Circuito Interior Melchor Ocampo, Verónica Anzúres, Ciudad de México, CDMX",mctrio_big_mac,McTrío mediano Mario Galaxy Big Mac,149.0,149.0,0.0,9.9,0.0,35.0,False,McTrios Comida
rappi,MX,CDMX,Polanco,premium,19.43161,-99.18605,2026-04-07T19:48:37,Mc Donald´s  - Plaza Galerías,"Galerías Plaza de las Estrellas, Circuito Interior Melchor Ocampo, Verónica Anzúres, Ciudad de México, CDMX",mcnuggets_10,McTrío mediano Mario Galaxy 10 McNuggets,159.0,159.0,0.0,9.9,0.0,35.0,False,McTrios Comida
rappi,MX,CDMX,Polanco,premium,19.43161,-99.18605,2026-04-07T19:48:37,Mc Donald´s  - Plaza Galerías,"Galerías Plaza de las Estrellas, Circuito Interior Melchor Ocampo, Verónica Anzúres, Ciudad de México, CDMX",mctrio_big_mac,McTrío mediano Big Mac Tocino,169.0,169.0,0.0,9.9,0.0,35.0,False,McTrios Comida
rappi,MX,CDMX,Polanco,premium,19.43161,-99.18605,2026-04-07T19:48:37,Mc Donald´s  - Plaza Galerías,"Galerías Plaza de las Estrellas, Circuito Interior Melchor Ocampo, Verónica Anzúres, Ciudad de México, CDMX",mctrio_big_mac,McTrío mediano Big Mac,149.0,149.0,0.0,9.9,0.0,35.0,False,McTrios Comida
rappi,MX,CDMX,Polanco,premium,19.43161,-99.18605,2026-04-07T19:48:37,Mc Donald´s  - Plaza Galerías,"Galerías Plaza de las Estrellas, Circuito Interior Melchor Ocampo, Verónica Anzúres, Ciudad de México, CDMX",mcnuggets_10,McTrio mediano McNuggets 10 pzas,159.0,159.0,0.0,9.9,0.0,35.0,False,McTrios Comida
rappi,MX,CDMX,Polanco,premium,19.43161,-99.18605,2026-04-07T19:48:37,Mc Donald´s  - Plaza Galerías,"Galerías Plaza de las Estrellas, Circuito Interior Melchor Ocampo, Verónica Anzúres, Ciudad de México, CDMX",big_mac,Big Mac Tocino,145.0,145.0,0.0,9.9,0.0,35.0,False,A La Carta Comida
rappi,MX,CDMX,Polanco,premium,19.43161,-99.18605,2026-04-07T19:48:37,Mc Donald´s  - Plaza Galerías,"Galerías Plaza de las Estrellas, Circuito Interior Melchor Ocampo, Verónica Anzúres, Ciudad de México, CDMX",big_mac,Big Mac,125.0,125.0,0.0,9.9,0.0,35.0,False,A La Carta Comida
rappi,MX,CDMX,Polanco,premium,19.43161,-99.18605,2026-04-07T19:48:37,Mc Donald´s  - Plaza Galerías,"Galerías Plaza de las Estrellas, Circuito Interior Melchor Ocampo, Verónica Anzúres, Ciudad de México, CDMX",coca_cola,Coca-Cola Zero mediana,55.0,55.0,0.0,9.9,0.0,35.0,False,Bebidas
rappi,MX,CDMX,Polanco,premium,19.43161,-99.18605,2026-04-07T19:48:37,Mc Donald´s  - Plaza Galerías,"Galerías Plaza de las Estrellas, Circuito Interior Melchor Ocampo, Verónica Anzúres, Ciudad de México, CDMX",coca_cola,Coca-Cola mediana,55.0,55.0,0.0,9.9,0.0,35.0,False,Bebidas
rappi,MX,CDMX,Santa Fe,premium,19.35932,-99.26075,2026-04-07T19:48:37,Mc Donald's - Samara,Antonio Dovali Jaime No. 70 Col. Lomas de Santa Fe C.P 01219,mctrio_big_mac,McTrío mediano Big Mac Tocino,169.0,169.0,0.0,9.9,0.0,32.0,False,Big Mac + Coca
rappi,MX,CDMX,Santa Fe,premium,19.35932,-99.26075,2026-04-07T19:48:37,Mc Donald's - Samara,Antonio Dovali Jaime No. 70 Col. Lomas de Santa Fe C.P 01219,big_mac,Big Mac Tocino,145.0,145.0,0.0,9.9,0.0,32.0,False,Big Mac + Coca
rappi,MX,CDMX,Santa Fe,premium,19.35932,-99.26075,2026-04-07T19:48:37,Mc Donald's - Samara,Antonio Dovali Jaime No. 70 Col. Lomas de Santa Fe C.P 01219,mctrio_big_mac,McTrío Big Mac mediano+McFlurry Oreo,208.0,208.0,0.0,9.9,0.0,32.0,False,Mc para Todos
rappi,MX,CDMX,Santa Fe,premium,19.35932,-99.26075,2026-04-07T19:48:37,Mc Donald's - Samara,Antonio Dovali Jaime No. 70 Col. Lomas de Santa Fe C.P 01219,mctrio_big_mac,McTrío mediano Mario Galaxy Big Mac,149.0,149.0,0.0,9.9,0.0,32.0,False,McTrios Comida
rappi,MX,CDMX,Santa Fe,premium,19.35932,-99.26075,2026-04-07T19:48:37,Mc Donald's - Samara,Antonio Dovali Jaime No. 70 Col. Lomas de Santa Fe C.P 01219,mcnuggets_10,McTrío mediano Mario Galaxy 10 McNuggets,159.0,159.0,0.0,9.9,0.0,32.0,False,McTrios Comida
rappi,MX,CDMX,Santa Fe,premium,19.35932,-99.26075,2026-04-07T19:48:37,Mc Donald's - Samara,Antonio Dovali Jaime No. 70 Col. Lomas de Santa Fe C.P 01219,mctrio_big_mac,McTrío mediano Big Mac Tocino,169.0,169.0,0.0,9.9,0.0,32.0,False,McTrios Comida
rappi,MX,CDMX,Santa Fe,premium,19.35932,-99.26075,2026-04-07T19:48:37,Mc Donald's - Samara,Antonio Dovali Jaime No. 70 Col. Lomas de Santa Fe C.P 01219,mctrio_big_mac,McTrío mediano Big Mac,149.0,149.0,0.0,9.9,0.0,32.0,False,McTrios Comida
rappi,MX,CDMX,Santa Fe,premium,19.35932,-99.26075,2026-04-07T19:48:37,Mc Donald's - Samara,Antonio Dovali Jaime No. 70 Col. Lomas de Santa Fe C.P 01219,mcnuggets_10,McTrio mediano McNuggets 10 pzas,159.0,159.0,0.0,9.9,0.0,32.0,False,McTrios Comida
rappi,MX,CDMX,Santa Fe,premium,19.35932,-99.26075,2026-04-07T19:48:37,Mc Donald's - Samara,Antonio Dovali Jaime No. 70 Col. Lomas de Santa Fe C.P 01219,big_mac,Big Mac Tocino,145.0,145.0,0.0,9.9,0.0,32.0,False,A La Carta Comida
rappi,MX,CDMX,Santa Fe,premium,19.35932,-99.26075,2026-04-07T19:48:37,Mc Donald's - Samara,Antonio Dovali Jaime No. 70 Col. Lomas de Santa Fe C.P 01219,big_mac,Big Mac,125.0,125.0,0.0,9.9,0.0,32.0,False,A La Carta Comida
rappi,MX,CDMX,Santa Fe,premium,19.35932,-99.26075,2026-04-07T19:48:37,Mc Donald's - Samara,Antonio Dovali Jaime No. 70 Col. Lomas de Santa Fe C.P 01219,coca_cola,Coca-Cola Zero mediana,55.0,55.0,0.0,9.9,0.0,32.0,False,Bebidas
rappi,MX,CDMX,Santa Fe,premium,19.35932,-99.26075,2026-04-07T19:48:37,Mc Donald's - Samara,Antonio Dovali Jaime No. 70 Col. Lomas de Santa Fe C.P 01219,coca_cola,Coca-Cola mediana,55.0,55.0,0.0,9.9,0.0,32.0,False,Bebidas
rappi,MX,CDMX,Roma Norte,mid-high,19.4196,-99.1607,2026-04-07T19:48:37,McDonald's - Zona Rosa,"Calle Génova 56, Juárez, 06600 Cuauhtémoc, CDMX",mctrio_big_mac,McTrío mediano Big Mac Tocino,169.0,169.0,0.0,9.9,0.0,28.0,False,Big Mac + Coca
rappi,MX,CDMX,Roma Norte,mid-high,19.4196,-99.1607,2026-04-07T19:48:37,McDonald's - Zona Rosa,"Calle Génova 56, Juárez, 06600 Cuauhtémoc, CDMX",big_mac,Big Mac Tocino,145.0,145.0,0.0,9.9,0.0,28.0,False,Big Mac + Coca
rappi,MX,CDMX,Roma Norte,mid-high,19.4196,-99.1607,2026-04-07T19:48:37,McDonald's - Zona Rosa,"Calle Génova 56, Juárez, 06600 Cuauhtémoc, CDMX",mctrio_big_mac,McTrío Big Mac mediano+McFlurry Oreo,208.0,208.0,0.0,9.9,0.0,28.0,False,Mc para Todos
rappi,MX,CDMX,Roma Norte,mid-high,19.4196,-99.1607,2026-04-07T19:48:37,McDonald's - Zona Rosa,"Calle Génova 56, Juárez, 06600 Cuauhtémoc, CDMX",mctrio_big_mac,McTrío mediano Mario Galaxy Big Mac,149.0,149.0,0.0,9.9,0.0,28.0,False,McTrios Comida
rappi,MX,CDMX,Roma Norte,mid-high,19.4196,-99.1607,2026-04-07T19:48:37,McDonald's - Zona Rosa,"Calle Génova 56, Juárez, 06600 Cuauhtémoc, CDMX",mcnuggets_10,McTrío mediano Mario Galaxy 10 McNuggets,159.0,159.0,0.0,9.9,0.0,28.0,False,McTrios Comida
rappi,MX,CDMX,Roma Norte,mid-high,19.4196,-99.1607,2026-04-07T19:48:37,McDonald's - Zona Rosa,"Calle Génova 56, Juárez, 06600 Cuauhtémoc, CDMX",mctrio_big_mac,McTrío mediano Big Mac Tocino,169.0,169.0,0.0,9.9,0.0,28.0,False,McTrios Comida
rappi,MX,CDMX,Roma Norte,mid-high,19.4196,-99.1607,2026-04-07T19:48:37,McDonald's - Zona Rosa,"Calle Génova 56, Juárez, 06600 Cuauhtémoc, CDMX",mctrio_big_mac,McTrío mediano Big Mac,149.0,149.0,0.0,9.9,0.0,28.0,False,McTrios Comida
rappi,MX,CDMX,Roma Norte,mid-high,19.4196,-99.1607,2026-04-07T19:48:37,McDonald's - Zona Rosa,"Calle Génova 56, Juárez, 06600 Cuauhtémoc, CDMX",mcnuggets_10,McTrio mediano McNuggets 10 pzas,159.0,159.0,0.0,9.9,0.0,28.0,False,McTrios Comida
rappi,MX,CDMX,Roma Norte,mid-high,19.4196,-99.1607,2026-04-07T19:48:37,McDonald's - Zona Rosa,"Calle Génova 56, Juárez, 06600 Cuauhtémoc, CDMX",big_mac,Big Mac Tocino,145.0,145.0,0.0,9.9,0.0,28.0,False,A La Carta Comida
rappi,MX,CDMX,Roma Norte,mid-high,19.4196,-99.1607,2026-04-07T19:48:37,McDonald's - Zona Rosa,"Calle Génova 56, Juárez, 06600 Cuauhtémoc, CDMX",big_mac,Big Mac,125.0,125.0,0.0,9.9,0.0,28.0,False,A La Carta Comida
rappi,MX,CDMX,Roma Norte,mid-high,19.4196,-99.1607,2026-04-07T19:48:37,McDonald's - Zona Rosa,"Calle Génova 56, Juárez, 06600 Cuauhtémoc, CDMX",coca_cola,Coca-Cola Zero mediana,55.0,55.0,0.0,9.9,0.0,28.0,False,Bebidas
rappi,MX,CDMX,Roma Norte,mid-high,19.4196,-99.1607,2026-04-07T19:48:37,McDonald's - Zona Rosa,"Calle Génova 56, Juárez, 06600 Cuauhtémoc, CDMX",coca_cola,Coca-Cola mediana,55.0,55.0,0.0,9.9,0.0,28.0,False,Bebidas
rappi,MX,CDMX,Del Valle,mid-high,19.385,-99.165,2026-04-07T19:48:37,Mc Donald's  - Parque Hundido, Insurgentes Sur No.1122 Col. Del Valle CP 03100 México D.F,mctrio_big_mac,McTrío mediano Big Mac Tocino,185.0,185.0,0.0,9.9,0.0,32.0,False,Big Mac + Coca
rappi,MX,CDMX,Del Valle,mid-high,19.385,-99.165,2026-04-07T19:48:37,Mc Donald's  - Parque Hundido, Insurgentes Sur No.1122 Col. Del Valle CP 03100 México D.F,big_mac,Big Mac Tocino,159.0,159.0,0.0,9.9,0.0,32.0,False,Big Mac + Coca
rappi,MX,CDMX,Del Valle,mid-high,19.385,-99.165,2026-04-07T19:48:37,Mc Donald's  - Parque Hundido, Insurgentes Sur No.1122 Col. Del Valle CP 03100 México D.F,mctrio_big_mac,McTrío Big Mac mediano+McFlurry Oreo,218.0,218.0,0.0,9.9,0.0,32.0,False,Mc para Todos
rappi,MX,CDMX,Del Valle,mid-high,19.385,-99.165,2026-04-07T19:48:37,Mc Donald's  - Parque Hundido, Insurgentes Sur No.1122 Col. Del Valle CP 03100 México D.F,mctrio_big_mac,McTrío mediano Big Mac Tocino,185.0,185.0,0.0,9.9,0.0,32.0,False,McTrios Comida
rappi,MX,CDMX,Del Valle,mid-high,19.385,-99.165,2026-04-07T19:48:37,Mc Donald's  - Parque Hundido, Insurgentes Sur No.1122 Col. Del Valle CP 03100 México D.F,mctrio_big_mac,McTrío mediano Big Mac,165.0,165.0,0.0,9.9,0.0,32.0,False,McTrios Comida
rappi,MX,CDMX,Del Valle,mid-high,19.385,-99.165,2026-04-07T19:48:37,Mc Donald's  - Parque Hundido, Insurgentes Sur No.1122 Col. Del Valle CP 03100 México D.F,mcnuggets_10,McTrio mediano McNuggets 10 pzas,175.0,175.0,0.0,9.9,0.0,32.0,False,McTrios Comida
rappi,MX,CDMX,Del Valle,mid-high,19.385,-99.165,2026-04-07T19:48:37,Mc Donald's  - Parque Hundido, Insurgentes Sur No.1122 Col. Del Valle CP 03100 México D.F,big_mac,Big Mac Tocino,159.0,159.0,0.0,9.9,0.0,32.0,False,A La Carta Comida
rappi,MX,CDMX,Del Valle,mid-high,19.385,-99.165,2026-04-07T19:48:37,Mc Donald's  - Parque Hundido, Insurgentes Sur No.1122 Col. Del Valle CP 03100 México D.F,big_mac,Big Mac,139.0,139.0,0.0,9.9,0.0,32.0,False,A La Carta Comida
rappi,MX,CDMX,Del Valle,mid-high,19.385,-99.165,2026-04-07T19:48:37,Mc Donald's  - Parque Hundido, Insurgentes Sur No.1122 Col. Del Valle CP 03100 México D.F,coca_cola,Coca-Cola Zero mediana,59.0,59.0,0.0,9.9,0.0,32.0,False,Bebidas
rappi,MX,CDMX,Del Valle,mid-high,19.385,-99.165,2026-04-07T19:48:37,Mc Donald's  - Parque Hundido, Insurgentes Sur No.1122 Col. Del Valle CP 03100 México D.F,coca_cola,Coca-Cola mediana,59.0,59.0,0.0,9.9,0.0,32.0,False,Bebidas
rappi,MX,CDMX,Coyoacán,mid,19.3498,-99.162,2026-04-07T19:48:37,Mc Donald's División del Norte,"Héroes Del 47 No. 140 Col Parque De San Andrés Deleg Coyoacan, Cdmx Cp 04040 Ciudad De Mexico",mctrio_big_mac,McTrío mediano Big Mac Tocino,189.0,189.0,0.0,9.9,0.0,28.0,False,Big Mac + Coca
rappi,MX,CDMX,Coyoacán,mid,19.3498,-99.162,2026-04-07T19:48:37,Mc Donald's División del Norte,"Héroes Del 47 No. 140 Col Parque De San Andrés Deleg Coyoacan, Cdmx Cp 04040 Ciudad De Mexico",big_mac,Big Mac Tocino,165.0,165.0,0.0,9.9,0.0,28.0,False,Big Mac + Coca
rappi,MX,CDMX,Coyoacán,mid,19.3498,-99.162,2026-04-07T19:48:37,Mc Donald's División del Norte,"Héroes Del 47 No. 140 Col Parque De San Andrés Deleg Coyoacan, Cdmx Cp 04040 Ciudad De Mexico",mctrio_big_mac,McTrío Big Mac mediano+McFlurry Oreo,218.0,218.0,0.0,9.9,0.0,28.0,False,Mc para Todos
rappi,MX,CDMX,Coyoacán,mid,19.3498,-99.162,2026-04-07T19:48:37,Mc Donald's División del Norte,"Héroes Del 47 No. 140 Col Parque De San Andrés Deleg Coyoacan, Cdmx Cp 04040 Ciudad De Mexico",mctrio_big_mac,McTrío mediano Big Mac Tocino,189.0,189.0,0.0,9.9,0.0,28.0,False,McTrios Comida
rappi,MX,CDMX,Coyoacán,mid,19.3498,-99.162,2026-04-07T19:48:37,Mc Donald's División del Norte,"Héroes Del 47 No. 140 Col Parque De San Andrés Deleg Coyoacan, Cdmx Cp 04040 Ciudad De Mexico",mctrio_big_mac,McTrío mediano Big Mac,169.0,169.0,0.0,9.9,0.0,28.0,False,McTrios Comida
rappi,MX,CDMX,Coyoacán,mid,19.3498,-99.162,2026-04-07T19:48:37,Mc Donald's División del Norte,"Héroes Del 47 No. 140 Col Parque De San Andrés Deleg Coyoacan, Cdmx Cp 04040 Ciudad De Mexico",mcnuggets_10,McTrio mediano McNuggets 10 pzas,179.0,179.0,0.0,9.9,0.0,28.0,False,McTrios Comida
rappi,MX,CDMX,Coyoacán,mid,19.3498,-99.162,2026-04-07T19:48:37,Mc Donald's División del Norte,"Héroes Del 47 No. 140 Col Parque De San Andrés Deleg Coyoacan, Cdmx Cp 04040 Ciudad De Mexico",big_mac,Big Mac Tocino,165.0,165.0,0.0,9.9,0.0,28.0,False,A La Carta Comida
rappi,MX,CDMX,Coyoacán,mid,19.3498,-99.162,2026-04-07T19:48:37,Mc Donald's División del Norte,"Héroes Del 47 No. 140 Col Parque De San Andrés Deleg Coyoacan, Cdmx Cp 04040 Ciudad De Mexico",big_mac,Big Mac,145.0,145.0,0.0,9.9,0.0,28.0,False,A La Carta Comida
rappi,MX,CDMX,Coyoacán,mid,19.3498,-99.162,2026-04-07T19:48:37,Mc Donald's División del Norte,"Héroes Del 47 No. 140 Col Parque De San Andrés Deleg Coyoacan, Cdmx Cp 04040 Ciudad De Mexico",coca_cola,Coca-Cola Zero mediana,65.0,65.0,0.0,9.9,0.0,28.0,False,Bebidas
rappi,MX,CDMX,Coyoacán,mid,19.3498,-99.162,2026-04-07T19:48:37,Mc Donald's División del Norte,"Héroes Del 47 No. 140 Col Parque De San Andrés Deleg Coyoacan, Cdmx Cp 04040 Ciudad De Mexico",coca_cola,Coca-Cola mediana,65.0,65.0,0.0,9.9,0.0,28.0,False,Bebidas
rappi,MX,CDMX,Centro Histórico,mid,19.4326,-99.1332,2026-04-07T19:48:37,Mc Donald's - Palma Centro,"Palma Norte No 315, Loc. En PB Esquina Tacuba Col. Centro Delegación Cuauhtémoc CP. 06020, México D.F.",mctrio_big_mac,McTrío mediano Big Mac Tocino,169.0,169.0,0.0,9.9,0.0,32.0,False,Big Mac + Coca
rappi,MX,CDMX,Centro Histórico,mid,19.4326,-99.1332,2026-04-07T19:48:37,Mc Donald's - Palma Centro,"Palma Norte No 315, Loc. En PB Esquina Tacuba Col. Centro Delegación Cuauhtémoc CP. 06020, México D.F.",big_mac,Big Mac Tocino,145.0,145.0,0.0,9.9,0.0,32.0,False,Big Mac + Coca
rappi,MX,CDMX,Centro Histórico,mid,19.4326,-99.1332,2026-04-07T19:48:37,Mc Donald's - Palma Centro,"Palma Norte No 315, Loc. En PB Esquina Tacuba Col. Centro Delegación Cuauhtémoc CP. 06020, México D.F.",mctrio_big_mac,McTrío Big Mac mediano+McFlurry Oreo,208.0,208.0,0.0,9.9,0.0,32.0,False,Mc para Todos
rappi,MX,CDMX,Centro Histórico,mid,19.4326,-99.1332,2026-04-07T19:48:37,Mc Donald's - Palma Centro,"Palma Norte No 315, Loc. En PB Esquina Tacuba Col. Centro Delegación Cuauhtémoc CP. 06020, México D.F.",mctrio_big_mac,McTrío mediano Mario Galaxy Big Mac,149.0,149.0,0.0,9.9,0.0,32.0,False,McTrios Comida
rappi,MX,CDMX,Centro Histórico,mid,19.4326,-99.1332,2026-04-07T19:48:37,Mc Donald's - Palma Centro,"Palma Norte No 315, Loc. En PB Esquina Tacuba Col. Centro Delegación Cuauhtémoc CP. 06020, México D.F.",mcnuggets_10,McTrío mediano Mario Galaxy 10 McNuggets,159.0,159.0,0.0,9.9,0.0,32.0,False,McTrios Comida
rappi,MX,CDMX,Centro Histórico,mid,19.4326,-99.1332,2026-04-07T19:48:37,Mc Donald's - Palma Centro,"Palma Norte No 315, Loc. En PB Esquina Tacuba Col. Centro Delegación Cuauhtémoc CP. 06020, México D.F.",mctrio_big_mac,McTrío mediano Big Mac Tocino,169.0,169.0,0.0,9.9,0.0,32.0,False,McTrios Comida
rappi,MX,CDMX,Centro Histórico,mid,19.4326,-99.1332,2026-04-07T19:48:37,Mc Donald's - Palma Centro,"Palma Norte No 315, Loc. En PB Esquina Tacuba Col. Centro Delegación Cuauhtémoc CP. 06020, México D.F.",mctrio_big_mac,McTrío mediano Big Mac,149.0,149.0,0.0,9.9,0.0,32.0,False,McTrios Comida
rappi,MX,CDMX,Centro Histórico,mid,19.4326,-99.1332,2026-04-07T19:48:37,Mc Donald's - Palma Centro,"Palma Norte No 315, Loc. En PB Esquina Tacuba Col. Centro Delegación Cuauhtémoc CP. 06020, México D.F.",mcnuggets_10,McTrio mediano McNuggets 10 pzas,159.0,159.0,0.0,9.9,0.0,32.0,False,McTrios Comida
rappi,MX,CDMX,Centro Histórico,mid,19.4326,-99.1332,2026-04-07T19:48:37,Mc Donald's - Palma Centro,"Palma Norte No 315, Loc. En PB Esquina Tacuba Col. Centro Delegación Cuauhtémoc CP. 06020, México D.F.",big_mac,Big Mac Tocino,145.0,145.0,0.0,9.9,0.0,32.0,False,A La Carta Comida
rappi,MX,CDMX,Centro Histórico,mid,19.4326,-99.1332,2026-04-07T19:48:37,Mc Donald's - Palma Centro,"Palma Norte No 315, Loc. En PB Esquina Tacuba Col. Centro Delegación Cuauhtémoc CP. 06020, México D.F.",big_mac,Big Mac,125.0,125.0,0.0,9.9,0.0,32.0,False,A La Carta Comida
rappi,MX,CDMX,Centro Histórico,mid,19.4326,-99.1332,2026-04-07T19:48:37,Mc Donald's - Palma Centro,"Palma Norte No 315, Loc. En PB Esquina Tacuba Col. Centro Delegación Cuauhtémoc CP. 06020, México D.F.",coca_cola,Coca-Cola Zero mediana,55.0,55.0,0.0,9.9,0.0,32.0,False,Bebidas
rappi,MX,CDMX,Centro Histórico,mid,19.4326,-99.1332,2026-04-07T19:48:37,Mc Donald's - Palma Centro,"Palma Norte No 315, Loc. En PB Esquina Tacuba Col. Centro Delegación Cuauhtémoc CP. 06020, México D.F.",coca_cola,Coca-Cola mediana,55.0,55.0,0.0,9.9,0.0,32.0,False,Bebidas
rappi,MX,CDMX,Iztapalapa,low,19.3578,-99.0892,2026-04-07T19:48:37,Mc Donald's - Ermita ,"Ermita Iztapalapa 748, Granjas San Antonio, 09070 Ciudad de México, CDMX",mctrio_big_mac,McTrío mediano Big Mac Tocino,169.0,169.0,0.0,9.9,0.0,30.0,False,Big Mac + Coca
rappi,MX,CDMX,Iztapalapa,low,19.3578,-99.0892,2026-04-07T19:48:37,Mc Donald's - Ermita ,"Ermita Iztapalapa 748, Granjas San Antonio, 09070 Ciudad de México, CDMX",big_mac,Big Mac Tocino,145.0,145.0,0.0,9.9,0.0,30.0,False,Big Mac + Coca
rappi,MX,CDMX,Iztapalapa,low,19.3578,-99.0892,2026-04-07T19:48:37,Mc Donald's - Ermita ,"Ermita Iztapalapa 748, Granjas San Antonio, 09070 Ciudad de México, CDMX",mctrio_big_mac,McTrío Big Mac mediano+McFlurry Oreo,208.0,208.0,0.0,9.9,0.0,30.0,False,Mc para Todos
rappi,MX,CDMX,Iztapalapa,low,19.3578,-99.0892,2026-04-07T19:48:37,Mc Donald's - Ermita ,"Ermita Iztapalapa 748, Granjas San Antonio, 09070 Ciudad de México, CDMX",mctrio_big_mac,McTrío mediano Mario Galaxy Big Mac,149.0,149.0,0.0,9.9,0.0,30.0,False,McTrios Comida
rappi,MX,CDMX,Iztapalapa,low,19.3578,-99.0892,2026-04-07T19:48:37,Mc Donald's - Ermita ,"Ermita Iztapalapa 748, Granjas San Antonio, 09070 Ciudad de México, CDMX",mcnuggets_10,McTrío mediano Mario Galaxy 10 McNuggets,159.0,159.0,0.0,9.9,0.0,30.0,False,McTrios Comida
rappi,MX,CDMX,Iztapalapa,low,19.3578,-99.0892,2026-04-07T19:48:37,Mc Donald's - Ermita ,"Ermita Iztapalapa 748, Granjas San Antonio, 09070 Ciudad de México, CDMX",mctrio_big_mac,McTrío mediano Big Mac Tocino,169.0,169.0,0.0,9.9,0.0,30.0,False,McTrios Comida
rappi,MX,CDMX,Iztapalapa,low,19.3578,-99.0892,2026-04-07T19:48:37,Mc Donald's - Ermita ,"Ermita Iztapalapa 748, Granjas San Antonio, 09070 Ciudad de México, CDMX",mctrio_big_mac,McTrío mediano Big Mac,149.0,149.0,0.0,9.9,0.0,30.0,False,McTrios Comida
rappi,MX,CDMX,Iztapalapa,low,19.3578,-99.0892,2026-04-07T19:48:37,Mc Donald's - Ermita ,"Ermita Iztapalapa 748, Granjas San Antonio, 09070 Ciudad de México, CDMX",mcnuggets_10,McTrio mediano McNuggets 10 pzas,159.0,159.0,0.0,9.9,0.0,30.0,False,McTrios Comida
rappi,MX,CDMX,Iztapalapa,low,19.3578,-99.0892,2026-04-07T19:48:37,Mc Donald's - Ermita ,"Ermita Iztapalapa 748, Granjas San Antonio, 09070 Ciudad de México, CDMX",big_mac,Big Mac Tocino,145.0,145.0,0.0,9.9,0.0,30.0,False,A La Carta Comida
rappi,MX,CDMX,Iztapalapa,low,19.3578,-99.0892,2026-04-07T19:48:37,Mc Donald's - Ermita ,"Ermita Iztapalapa 748, Granjas San Antonio, 09070 Ciudad de México, CDMX",big_mac,Big Mac,125.0,125.0,0.0,9.9,0.0,30.0,False,A La Carta Comida
rappi,MX,CDMX,Iztapalapa,low,19.3578,-99.0892,2026-04-07T19:48:37,Mc Donald's - Ermita ,"Ermita Iztapalapa 748, Granjas San Antonio, 09070 Ciudad de México, CDMX",coca_cola,Coca-Cola Zero mediana,55.0,55.0,0.0,9.9,0.0,30.0,False,Bebidas
rappi,MX,CDMX,Iztapalapa,low,19.3578,-99.0892,2026-04-07T19:48:37,Mc Donald's - Ermita ,"Ermita Iztapalapa 748, Granjas San Antonio, 09070 Ciudad de México, CDMX",coca_cola,Coca-Cola mediana,55.0,55.0,0.0,9.9,0.0,30.0,False,Bebidas
rappi,MX,CDMX,Ecatepec,low,19.6011,-99.0506,2026-04-07T19:48:37,Mcdonald's Ecatepec Las Americas ,"Av. 1ro de Mayo, Fraccionamiento Las Americas, Las Américas, 55070 México, Méx.",mctrio_big_mac,McTrío mediano Big Mac Tocino,169.0,169.0,0.0,9.9,0.0,40.0,False,Big Mac + Coca
rappi,MX,CDMX,Ecatepec,low,19.6011,-99.0506,2026-04-07T19:48:37,Mcdonald's Ecatepec Las Americas ,"Av. 1ro de Mayo, Fraccionamiento Las Americas, Las Américas, 55070 México, Méx.",big_mac,Big Mac Tocino,145.0,145.0,0.0,9.9,0.0,40.0,False,Big Mac + Coca
rappi,MX,CDMX,Ecatepec,low,19.6011,-99.0506,2026-04-07T19:48:37,Mcdonald's Ecatepec Las Americas ,"Av. 1ro de Mayo, Fraccionamiento Las Americas, Las Américas, 55070 México, Méx.",mctrio_big_mac,McTrío Big Mac mediano+McFlurry Oreo,208.0,208.0,0.0,9.9,0.0,40.0,False,Mc para Todos
rappi,MX,CDMX,Ecatepec,low,19.6011,-99.0506,2026-04-07T19:48:37,Mcdonald's Ecatepec Las Americas ,"Av. 1ro de Mayo, Fraccionamiento Las Americas, Las Américas, 55070 México, Méx.",mctrio_big_mac,McTrío mediano Big Mac Tocino,169.0,169.0,0.0,9.9,0.0,40.0,False,McTrios Comida
rappi,MX,CDMX,Ecatepec,low,19.6011,-99.0506,2026-04-07T19:48:37,Mcdonald's Ecatepec Las Americas ,"Av. 1ro de Mayo, Fraccionamiento Las Americas, Las Américas, 55070 México, Méx.",mctrio_big_mac,McTrío mediano Big Mac,149.0,149.0,0.0,9.9,0.0,40.0,False,McTrios Comida
rappi,MX,CDMX,Ecatepec,low,19.6011,-99.0506,2026-04-07T19:48:37,Mcdonald's Ecatepec Las Americas ,"Av. 1ro de Mayo, Fraccionamiento Las Americas, Las Américas, 55070 México, Méx.",mcnuggets_10,McTrio mediano McNuggets 10 pzas,159.0,159.0,0.0,9.9,0.0,40.0,False,McTrios Comida
rappi,MX,CDMX,Ecatepec,low,19.6011,-99.0506,2026-04-07T19:48:37,Mcdonald's Ecatepec Las Americas ,"Av. 1ro de Mayo, Fraccionamiento Las Americas, Las Américas, 55070 México, Méx.",big_mac,Big Mac Tocino,145.0,145.0,0.0,9.9,0.0,40.0,False,A La Carta Comida
rappi,MX,CDMX,Ecatepec,low,19.6011,-99.0506,2026-04-07T19:48:37,Mcdonald's Ecatepec Las Americas ,"Av. 1ro de Mayo, Fraccionamiento Las Americas, Las Américas, 55070 México, Méx.",big_mac,Big Mac,125.0,125.0,0.0,9.9,0.0,40.0,False,A La Carta Comida
rappi,MX,CDMX,Ecatepec,low,19.6011,-99.0506,2026-04-07T19:48:37,Mcdonald's Ecatepec Las Americas ,"Av. 1ro de Mayo, Fraccionamiento Las Americas, Las Américas, 55070 México, Méx.",coca_cola,Coca-Cola Zero mediana,55.0,55.0,0.0,9.9,0.0,40.0,False,Bebidas
rappi,MX,CDMX,Ecatepec,low,19.6011,-99.0506,2026-04-07T19:48:37,Mcdonald's Ecatepec Las Americas ,"Av. 1ro de Mayo, Fraccionamiento Las Americas, Las Américas, 55070 México, Méx.",coca_cola,Coca-Cola mediana,55.0,55.0,0.0,9.9,0.0,40.0,False,Bebidas
ubereats,MX,CDMX,Polanco,premium,19.43161,-99.18605,2026-04-07T22:39:01,McDonald's (Plaza Galerías),Avenida Melchor Ocampo 193,mctrio_big_mac,McTrío Big Mac mediano+McFlurry Oreo,208.0,208.0,0.0,,,,True,Mc para Todos
ubereats,MX,CDMX,Polanco,premium,19.43161,-99.18605,2026-04-07T22:39:01,McDonald's (Plaza Galerías),Avenida Melchor Ocampo 193,mctrio_big_mac,McTrío mediano Big Mac Tocino,169.0,169.0,0.0,,,,True,Big Mac + Coca
ubereats,MX,CDMX,Polanco,premium,19.43161,-99.18605,2026-04-07T22:39:01,McDonald's (Plaza Galerías),Avenida Melchor Ocampo 193,big_mac,Big Mac Tocino,145.0,145.0,0.0,,,,True,Big Mac + Coca
ubereats,MX,CDMX,Polanco,premium,19.43161,-99.18605,2026-04-07T22:39:01,McDonald's (Plaza Galerías),Avenida Melchor Ocampo 193,mctrio_big_mac,McTrío mediano Mario Galaxy Big Mac,149.0,149.0,0.0,,,,True,McTrios Comida
ubereats,MX,CDMX,Polanco,premium,19.43161,-99.18605,2026-04-07T22:39:01,McDonald's (Plaza Galerías),Avenida Melchor Ocampo 193,mcnuggets_10,McTrío mediano Mario Galaxy 10 McNuggets,159.0,159.0,0.0,,,,True,McTrios Comida
ubereats,MX,CDMX,Polanco,premium,19.43161,-99.18605,2026-04-07T22:39:01,McDonald's (Plaza Galerías),Avenida Melchor Ocampo 193,mctrio_big_mac,McTrío mediano Big Mac Tocino,169.0,169.0,0.0,,,,True,McTrios Comida
ubereats,MX,CDMX,Polanco,premium,19.43161,-99.18605,2026-04-07T22:39:01,McDonald's (Plaza Galerías),Avenida Melchor Ocampo 193,mctrio_big_mac,McTrío mediano Big Mac,149.0,149.0,0.0,,,,True,McTrios Comida
ubereats,MX,CDMX,Polanco,premium,19.43161,-99.18605,2026-04-07T22:39:01,McDonald's (Plaza Galerías),Avenida Melchor Ocampo 193,mcnuggets_10,McTrio mediano McNuggets 10 pzas,159.0,159.0,0.0,,,,True,McTrios Comida
ubereats,MX,CDMX,Polanco,premium,19.43161,-99.18605,2026-04-07T22:39:01,McDonald's (Plaza Galerías),Avenida Melchor Ocampo 193,big_mac,Big Mac Tocino,145.0,145.0,0.0,,,,True,A La Carta Comida
ubereats,MX,CDMX,Polanco,premium,19.43161,-99.18605,2026-04-07T22:39:01,McDonald's (Plaza Galerías),Avenida Melchor Ocampo 193,big_mac,Big Mac,125.0,125.0,0.0,,,,True,A La Carta Comida
ubereats,MX,CDMX,Polanco,premium,19.43161,-99.18605,2026-04-07T22:39:01,McDonald's (Plaza Galerías),Avenida Melchor Ocampo 193,coca_cola,Coca-Cola mediana,55.0,55.0,0.0,,,,True,Bebidas
ubereats,MX,CDMX,Polanco,premium,19.43161,-99.18605,2026-04-07T22:39:01,McDonald's (Plaza Galerías),Avenida Melchor Ocampo 193,coca_cola,Coca-Cola Zero mediana,55.0,55.0,0.0,,,,True,Bebidas
ubereats,MX,CDMX,Santa Fe,premium,19.35932,-99.26075,2026-04-07T22:39:01,McDonald's Santa Fe Zentrika,"Lateral Autopista México-Marquesa #1235, Lomas de Santa Fé, Contadero, 01210",mctrio_big_mac,McTrío Big Mac mediano+McFlurry Oreo,218.0,218.0,0.0,,,,True,Mc para Todos
ubereats,MX,CDMX,Santa Fe,premium,19.35932,-99.26075,2026-04-07T22:39:01,McDonald's Santa Fe Zentrika,"Lateral Autopista México-Marquesa #1235, Lomas de Santa Fé, Contadero, 01210",mctrio_big_mac,McTrío mediano Big Mac Tocino,189.0,189.0,0.0,,,,True,Big Mac + Coca
ubereats,MX,CDMX,Santa Fe,premium,19.35932,-99.26075,2026-04-07T22:39:01,McDonald's Santa Fe Zentrika,"Lateral Autopista México-Marquesa #1235, Lomas de Santa Fé, Contadero, 01210",big_mac,Big Mac Tocino,165.0,165.0,0.0,,,,True,Big Mac + Coca
ubereats,MX,CDMX,Santa Fe,premium,19.35932,-99.26075,2026-04-07T22:39:01,McDonald's Santa Fe Zentrika,"Lateral Autopista México-Marquesa #1235, Lomas de Santa Fé, Contadero, 01210",mctrio_big_mac,McTrío mediano Mario Galaxy Big Mac,169.0,169.0,0.0,,,,True,McTrios Comida
ubereats,MX,CDMX,Santa Fe,premium,19.35932,-99.26075,2026-04-07T22:39:01,McDonald's Santa Fe Zentrika,"Lateral Autopista México-Marquesa #1235, Lomas de Santa Fé, Contadero, 01210",mcnuggets_10,McTrío mediano Mario Galaxy 10 McNuggets,179.0,179.0,0.0,,,,True,McTrios Comida
ubereats,MX,CDMX,Santa Fe,premium,19.35932,-99.26075,2026-04-07T22:39:01,McDonald's Santa Fe Zentrika,"Lateral Autopista México-Marquesa #1235, Lomas de Santa Fé, Contadero, 01210",mctrio_big_mac,McTrío mediano Big Mac Tocino,189.0,189.0,0.0,,,,True,McTrios Comida
ubereats,MX,CDMX,Santa Fe,premium,19.35932,-99.26075,2026-04-07T22:39:01,McDonald's Santa Fe Zentrika,"Lateral Autopista México-Marquesa #1235, Lomas de Santa Fé, Contadero, 01210",mctrio_big_mac,McTrío mediano Big Mac,169.0,169.0,0.0,,,,True,McTrios Comida
ubereats,MX,CDMX,Santa Fe,premium,19.35932,-99.26075,2026-04-07T22:39:01,McDonald's Santa Fe Zentrika,"Lateral Autopista México-Marquesa #1235, Lomas de Santa Fé, Contadero, 01210",mcnuggets_10,McTrio mediano McNuggets 10 pzas,179.0,179.0,0.0,,,,True,McTrios Comida
ubereats,MX,CDMX,Santa Fe,premium,19.35932,-99.26075,2026-04-07T22:39:01,McDonald's Santa Fe Zentrika,"Lateral Autopista México-Marquesa #1235, Lomas de Santa Fé, Contadero, 01210",big_mac,Big Mac Tocino,165.0,165.0,0.0,,,,True,A La Carta Comida
ubereats,MX,CDMX,Santa Fe,premium,19.35932,-99.26075,2026-04-07T22:39:01,McDonald's Santa Fe Zentrika,"Lateral Autopista México-Marquesa #1235, Lomas de Santa Fé, Contadero, 01210",big_mac,Big Mac,145.0,145.0,0.0,,,,True,A La Carta Comida
ubereats,MX,CDMX,Santa Fe,premium,19.35932,-99.26075,2026-04-07T22:39:01,McDonald's Santa Fe Zentrika,"Lateral Autopista México-Marquesa #1235, Lomas de Santa Fé, Contadero, 01210",coca_cola,Coca-Cola mediana,65.0,65.0,0.0,,,,True,Bebidas
ubereats,MX,CDMX,Santa Fe,premium,19.35932,-99.26075,2026-04-07T22:39:01,McDonald's Santa Fe Zentrika,"Lateral Autopista México-Marquesa #1235, Lomas de Santa Fé, Contadero, 01210",coca_cola,Coca-Cola Zero mediana,65.0,65.0,0.0,,,,True,Bebidas
ubereats,MX,CDMX,Roma Norte,mid-high,19.4196,-99.1607,2026-04-07T22:39:01,McDonald's Sears Insurgentes,"San Luis Potosí 214, Roma Nte.",mctrio_big_mac,McTrío Big Mac mediano+McFlurry Oreo,218.0,218.0,0.0,,,,True,Mc para Todos
ubereats,MX,CDMX,Roma Norte,mid-high,19.4196,-99.1607,2026-04-07T22:39:01,McDonald's Sears Insurgentes,"San Luis Potosí 214, Roma Nte.",mctrio_big_mac,McTrío mediano Big Mac Tocino,169.0,169.0,0.0,,,,True,Big Mac + Coca
ubereats,MX,CDMX,Roma Norte,mid-high,19.4196,-99.1607,2026-04-07T22:39:01,McDonald's Sears Insurgentes,"San Luis Potosí 214, Roma Nte.",big_mac,Big Mac Tocino,145.0,145.0,0.0,,,,True,Big Mac + Coca
ubereats,MX,CDMX,Roma Norte,mid-high,19.4196,-99.1607,2026-04-07T22:39:01,McDonald's Sears Insurgentes,"San Luis Potosí 214, Roma Nte.",mctrio_big_mac,McTrío mediano Big Mac Tocino,169.0,169.0,0.0,,,,True,McTrios Comida
ubereats,MX,CDMX,Roma Norte,mid-high,19.4196,-99.1607,2026-04-07T22:39:01,McDonald's Sears Insurgentes,"San Luis Potosí 214, Roma Nte.",mctrio_big_mac,McTrío mediano Big Mac,149.0,149.0,0.0,,,,True,McTrios Comida
ubereats,MX,CDMX,Roma Norte,mid-high,19.4196,-99.1607,2026-04-07T22:39:01,McDonald's Sears Insurgentes,"San Luis Potosí 214, Roma Nte.",mcnuggets_10,McTrio mediano McNuggets 10 pzas,159.0,159.0,0.0,,,,True,McTrios Comida
ubereats,MX,CDMX,Roma Norte,mid-high,19.4196,-99.1607,2026-04-07T22:39:01,McDonald's Sears Insurgentes,"San Luis Potosí 214, Roma Nte.",big_mac,Big Mac Tocino,145.0,145.0,0.0,,,,True,A La Carta Comida
ubereats,MX,CDMX,Roma Norte,mid-high,19.4196,-99.1607,2026-04-07T22:39:01,McDonald's Sears Insurgentes,"San Luis Potosí 214, Roma Nte.",big_mac,Big Mac,125.0,125.0,0.0,,,,True,A La Carta Comida
ubereats,MX,CDMX,Roma Norte,mid-high,19.4196,-99.1607,2026-04-07T22:39:01,McDonald's Sears Insurgentes,"San Luis Potosí 214, Roma Nte.",coca_cola,Coca-Cola mediana,55.0,55.0,0.0,,,,True,Bebidas
ubereats,MX,CDMX,Roma Norte,mid-high,19.4196,-99.1607,2026-04-07T22:39:01,McDonald's Sears Insurgentes,"San Luis Potosí 214, Roma Nte.",coca_cola,Coca-Cola Zero mediana,55.0,55.0,0.0,,,,True,Bebidas
ubereats,MX,CDMX,Del Valle,mid-high,19.385,-99.165,2026-04-07T22:39:01,McDonald's Torre Manacar,"Av de los Insurgentes Sur 1457, Insurgentes Mixcoac",mctrio_big_mac,McTrío Big Mac mediano+McFlurry Oreo,218.0,218.0,0.0,,,,True,Mc para Todos
ubereats,MX,CDMX,Del Valle,mid-high,19.385,-99.165,2026-04-07T22:39:01,McDonald's Torre Manacar,"Av de los Insurgentes Sur 1457, Insurgentes Mixcoac",mctrio_big_mac,McTrío mediano Big Mac Tocino,169.0,169.0,0.0,,,,True,Big Mac + Coca
ubereats,MX,CDMX,Del Valle,mid-high,19.385,-99.165,2026-04-07T22:39:01,McDonald's Torre Manacar,"Av de los Insurgentes Sur 1457, Insurgentes Mixcoac",big_mac,Big Mac Tocino,145.0,145.0,0.0,,,,True,Big Mac + Coca
ubereats,MX,CDMX,Del Valle,mid-high,19.385,-99.165,2026-04-07T22:39:01,McDonald's Torre Manacar,"Av de los Insurgentes Sur 1457, Insurgentes Mixcoac",mctrio_big_mac,McTrío mediano Mario Galaxy Big Mac,149.0,149.0,0.0,,,,True,McTrios Comida
ubereats,MX,CDMX,Del Valle,mid-high,19.385,-99.165,2026-04-07T22:39:01,McDonald's Torre Manacar,"Av de los Insurgentes Sur 1457, Insurgentes Mixcoac",mcnuggets_10,McTrío mediano Mario Galaxy 10 McNuggets,159.0,159.0,0.0,,,,True,McTrios Comida
ubereats,MX,CDMX,Del Valle,mid-high,19.385,-99.165,2026-04-07T22:39:01,McDonald's Torre Manacar,"Av de los Insurgentes Sur 1457, Insurgentes Mixcoac",mctrio_big_mac,McTrío mediano Big Mac Tocino,169.0,169.0,0.0,,,,True,McTrios Comida
ubereats,MX,CDMX,Del Valle,mid-high,19.385,-99.165,2026-04-07T22:39:01,McDonald's Torre Manacar,"Av de los Insurgentes Sur 1457, Insurgentes Mixcoac",mctrio_big_mac,McTrío mediano Big Mac,149.0,149.0,0.0,,,,True,McTrios Comida
ubereats,MX,CDMX,Del Valle,mid-high,19.385,-99.165,2026-04-07T22:39:01,McDonald's Torre Manacar,"Av de los Insurgentes Sur 1457, Insurgentes Mixcoac",mcnuggets_10,McTrio mediano McNuggets 10 pzas,159.0,159.0,0.0,,,,True,McTrios Comida
ubereats,MX,CDMX,Del Valle,mid-high,19.385,-99.165,2026-04-07T22:39:01,McDonald's Torre Manacar,"Av de los Insurgentes Sur 1457, Insurgentes Mixcoac",big_mac,Big Mac Tocino,145.0,145.0,0.0,,,,True,A La Carta Comida
ubereats,MX,CDMX,Del Valle,mid-high,19.385,-99.165,2026-04-07T22:39:01,McDonald's Torre Manacar,"Av de los Insurgentes Sur 1457, Insurgentes Mixcoac",big_mac,Big Mac,125.0,125.0,0.0,,,,True,A La Carta Comida
ubereats,MX,CDMX,Del Valle,mid-high,19.385,-99.165,2026-04-07T22:39:01,McDonald's Torre Manacar,"Av de los Insurgentes Sur 1457, Insurgentes Mixcoac",coca_cola,Coca-Cola mediana,55.0,55.0,0.0,,,,True,Bebidas
ubereats,MX,CDMX,Del Valle,mid-high,19.385,-99.165,2026-04-07T22:39:01,McDonald's Torre Manacar,"Av de los Insurgentes Sur 1457, Insurgentes Mixcoac",coca_cola,Coca-Cola Zero mediana,55.0,55.0,0.0,,,,True,Bebidas
ubereats,MX,CDMX,Coyoacán,mid,19.3498,-99.162,2026-04-07T22:39:01,McDonald's Oasis Coyoacán,"Av Miguel Ángel de Quevedo 217, Oxtopulco",mctrio_big_mac,McTrío Big Mac mediano+McFlurry Oreo,218.0,218.0,0.0,,,,True,Mc para Todos
ubereats,MX,CDMX,Coyoacán,mid,19.3498,-99.162,2026-04-07T22:39:01,McDonald's Oasis Coyoacán,"Av Miguel Ángel de Quevedo 217, Oxtopulco",mctrio_big_mac,McTrío mediano Big Mac Tocino,169.0,169.0,0.0,,,,True,Big Mac + Coca
ubereats,MX,CDMX,Coyoacán,mid,19.3498,-99.162,2026-04-07T22:39:01,McDonald's Oasis Coyoacán,"Av Miguel Ángel de Quevedo 217, Oxtopulco",big_mac,Big Mac Tocino,145.0,145.0,0.0,,,,True,Big Mac + Coca
ubereats,MX,CDMX,Coyoacán,mid,19.3498,-99.162,2026-04-07T22:39:01,McDonald's Oasis Coyoacán,"Av Miguel Ángel de Quevedo 217, Oxtopulco",mctrio_big_mac,McTrío mediano Mario Galaxy Big Mac,149.0,149.0,0.0,,,,True,McTrios Comida
ubereats,MX,CDMX,Coyoacán,mid,19.3498,-99.162,2026-04-07T22:39:01,McDonald's Oasis Coyoacán,"Av Miguel Ángel de Quevedo 217, Oxtopulco",mcnuggets_10,McTrío mediano Mario Galaxy 10 McNuggets,159.0,159.0,0.0,,,,True,McTrios Comida
ubereats,MX,CDMX,Coyoacán,mid,19.3498,-99.162,2026-04-07T22:39:01,McDonald's Oasis Coyoacán,"Av Miguel Ángel de Quevedo 217, Oxtopulco",mctrio_big_mac,McTrío mediano Big Mac Tocino,169.0,169.0,0.0,,,,True,McTrios Comida
ubereats,MX,CDMX,Coyoacán,mid,19.3498,-99.162,2026-04-07T22:39:01,McDonald's Oasis Coyoacán,"Av Miguel Ángel de Quevedo 217, Oxtopulco",mctrio_big_mac,McTrío mediano Big Mac,149.0,149.0,0.0,,,,True,McTrios Comida
ubereats,MX,CDMX,Coyoacán,mid,19.3498,-99.162,2026-04-07T22:39:01,McDonald's Oasis Coyoacán,"Av Miguel Ángel de Quevedo 217, Oxtopulco",mcnuggets_10,McTrio mediano McNuggets 10 pzas,159.0,159.0,0.0,,,,True,McTrios Comida
ubereats,MX,CDMX,Coyoacán,mid,19.3498,-99.162,2026-04-07T22:39:01,McDonald's Oasis Coyoacán,"Av Miguel Ángel de Quevedo 217, Oxtopulco",big_mac,Big Mac Tocino,145.0,145.0,0.0,,,,True,A La Carta Comida
ubereats,MX,CDMX,Coyoacán,mid,19.3498,-99.162,2026-04-07T22:39:01,McDonald's Oasis Coyoacán,"Av Miguel Ángel de Quevedo 217, Oxtopulco",big_mac,Big Mac,125.0,125.0,0.0,,,,True,A La Carta Comida
ubereats,MX,CDMX,Coyoacán,mid,19.3498,-99.162,2026-04-07T22:39:01,McDonald's Oasis Coyoacán,"Av Miguel Ángel de Quevedo 217, Oxtopulco",coca_cola,Coca-Cola mediana,55.0,55.0,0.0,,,,True,Bebidas
ubereats,MX,CDMX,Coyoacán,mid,19.3498,-99.162,2026-04-07T22:39:01,McDonald's Oasis Coyoacán,"Av Miguel Ángel de Quevedo 217, Oxtopulco",coca_cola,Coca-Cola Zero mediana,55.0,55.0,0.0,,,,True,Bebidas
ubereats,MX,CDMX,Centro Histórico,mid,19.4326,-99.1332,2026-04-07T22:39:01,McDonald's Palma,"Calle de Tacuba 80, Centro Histórico, Centro",mctrio_big_mac,McTrío Big Mac mediano+McFlurry Oreo,208.0,208.0,0.0,,,,True,Mc para Todos
ubereats,MX,CDMX,Centro Histórico,mid,19.4326,-99.1332,2026-04-07T22:39:01,McDonald's Palma,"Calle de Tacuba 80, Centro Histórico, Centro",mctrio_big_mac,McTrío mediano Big Mac Tocino,169.0,169.0,0.0,,,,True,Big Mac + Coca
ubereats,MX,CDMX,Centro Histórico,mid,19.4326,-99.1332,2026-04-07T22:39:01,McDonald's Palma,"Calle de Tacuba 80, Centro Histórico, Centro",big_mac,Big Mac Tocino,145.0,145.0,0.0,,,,True,Big Mac + Coca
ubereats,MX,CDMX,Centro Histórico,mid,19.4326,-99.1332,2026-04-07T22:39:01,McDonald's Palma,"Calle de Tacuba 80, Centro Histórico, Centro",mctrio_big_mac,McTrío mediano Mario Galaxy Big Mac,149.0,149.0,0.0,,,,True,McTrios Comida
ubereats,MX,CDMX,Centro Histórico,mid,19.4326,-99.1332,2026-04-07T22:39:01,McDonald's Palma,"Calle de Tacuba 80, Centro Histórico, Centro",mcnuggets_10,McTrío mediano Mario Galaxy 10 McNuggets,159.0,159.0,0.0,,,,True,McTrios Comida
ubereats,MX,CDMX,Centro Histórico,mid,19.4326,-99.1332,2026-04-07T22:39:01,McDonald's Palma,"Calle de Tacuba 80, Centro Histórico, Centro",mctrio_big_mac,McTrío mediano Big Mac Tocino,169.0,169.0,0.0,,,,True,McTrios Comida
ubereats,MX,CDMX,Centro Histórico,mid,19.4326,-99.1332,2026-04-07T22:39:01,McDonald's Palma,"Calle de Tacuba 80, Centro Histórico, Centro",mctrio_big_mac,McTrío mediano Big Mac,149.0,149.0,0.0,,,,True,McTrios Comida
ubereats,MX,CDMX,Centro Histórico,mid,19.4326,-99.1332,2026-04-07T22:39:01,McDonald's Palma,"Calle de Tacuba 80, Centro Histórico, Centro",mcnuggets_10,McTrio mediano McNuggets 10 pzas,159.0,159.0,0.0,,,,True,McTrios Comida
ubereats,MX,CDMX,Centro Histórico,mid,19.4326,-99.1332,2026-04-07T22:39:01,McDonald's Palma,"Calle de Tacuba 80, Centro Histórico, Centro",big_mac,Big Mac Tocino,145.0,145.0,0.0,,,,True,A La Carta Comida
ubereats,MX,CDMX,Centro Histórico,mid,19.4326,-99.1332,2026-04-07T22:39:01,McDonald's Palma,"Calle de Tacuba 80, Centro Histórico, Centro",big_mac,Big Mac,125.0,125.0,0.0,,,,True,A La Carta Comida
ubereats,MX,CDMX,Centro Histórico,mid,19.4326,-99.1332,2026-04-07T22:39:01,McDonald's Palma,"Calle de Tacuba 80, Centro Histórico, Centro",coca_cola,Coca-Cola mediana,55.0,55.0,0.0,,,,True,Bebidas
ubereats,MX,CDMX,Centro Histórico,mid,19.4326,-99.1332,2026-04-07T22:39:01,McDonald's Palma,"Calle de Tacuba 80, Centro Histórico, Centro",coca_cola,Coca-Cola Zero mediana,55.0,55.0,0.0,,,,True,Bebidas
ubereats,MX,CDMX,Iztapalapa,low,19.3578,-99.0892,2026-04-07T22:39:01,McDonald's Ermita San Miguel,"Ermita Iztapalapa 2120A, 2da Amp San Miguel",mcnuggets_10,McTrío McNuggets 10 Med,145.0,145.0,0.0,,,,True,McTrios Comida
ubereats,MX,CDMX,Iztapalapa,low,19.3578,-99.0892,2026-04-07T22:39:01,McDonald's Ermita San Miguel,"Ermita Iztapalapa 2120A, 2da Amp San Miguel",mctrio_big_mac,McTrío Big Mac Med,139.0,139.0,0.0,,,,True,McTrios Comida
ubereats,MX,CDMX,Iztapalapa,low,19.3578,-99.0892,2026-04-07T22:39:01,McDonald's Ermita San Miguel,"Ermita Iztapalapa 2120A, 2da Amp San Miguel",mctrio_big_mac,McTrío Big Mac mediano+McFlurry Oreo,190.0,190.0,0.0,,,,True,Paquetes Comidas
ubereats,MX,CDMX,Iztapalapa,low,19.3578,-99.0892,2026-04-07T22:39:01,McDonald's Ermita San Miguel,"Ermita Iztapalapa 2120A, 2da Amp San Miguel",big_mac,Big Mac,115.0,115.0,0.0,,,,True,A La Carta Comida
ubereats,MX,CDMX,Iztapalapa,low,19.3578,-99.0892,2026-04-07T22:39:01,McDonald's Ermita San Miguel,"Ermita Iztapalapa 2120A, 2da Amp San Miguel",coca_cola,Coca-Cola mediana,49.0,49.0,0.0,,,,True,Bebidas
ubereats,MX,CDMX,Iztapalapa,low,19.3578,-99.0892,2026-04-07T22:39:01,McDonald's Ermita San Miguel,"Ermita Iztapalapa 2120A, 2da Amp San Miguel",coca_cola,Coca-Cola Zero mediana,49.0,49.0,0.0,,,,True,Bebidas
ubereats,MX,CDMX,Ecatepec,low,19.6011,-99.0506,2026-04-07T22:39:01,McDonald's Plaza San Juan,Avenida Central &amp; Avenida Hacienda de Rancho Seco,mctrio_big_mac,McTrío Big Mac mediano+McFlurry Oreo,208.0,208.0,0.0,,,,True,Mc para Todos
ubereats,MX,CDMX,Ecatepec,low,19.6011,-99.0506,2026-04-07T22:39:01,McDonald's Plaza San Juan,Avenida Central &amp; Avenida Hacienda de Rancho Seco,mctrio_big_mac,McTrío mediano Big Mac Tocino,169.0,169.0,0.0,,,,True,Big Mac + Coca
ubereats,MX,CDMX,Ecatepec,low,19.6011,-99.0506,2026-04-07T22:39:01,McDonald's Plaza San Juan,Avenida Central &amp; Avenida Hacienda de Rancho Seco,big_mac,Big Mac Tocino,145.0,145.0,0.0,,,,True,Big Mac + Coca
ubereats,MX,CDMX,Ecatepec,low,19.6011,-99.0506,2026-04-07T22:39:01,McDonald's Plaza San Juan,Avenida Central &amp; Avenida Hacienda de Rancho Seco,mctrio_big_mac,McTrío mediano Mario Galaxy Big Mac,149.0,149.0,0.0,,,,True,McTrios Comida
ubereats,MX,CDMX,Ecatepec,low,19.6011,-99.0506,2026-04-07T22:39:01,McDonald's Plaza San Juan,Avenida Central &amp; Avenida Hacienda de Rancho Seco,mcnuggets_10,McTrío mediano Mario Galaxy 10 McNuggets,159.0,159.0,0.0,,,,True,McTrios Comida
ubereats,MX,CDMX,Ecatepec,low,19.6011,-99.0506,2026-04-07T22:39:01,McDonald's Plaza San Juan,Avenida Central &amp; Avenida Hacienda de Rancho Seco,mctrio_big_mac,McTrío mediano Big Mac Tocino,169.0,169.0,0.0,,,,True,McTrios Comida
ubereats,MX,CDMX,Ecatepec,low,19.6011,-99.0506,2026-04-07T22:39:01,McDonald's Plaza San Juan,Avenida Central &amp; Avenida Hacienda de Rancho Seco,mctrio_big_mac,McTrío mediano Big Mac,149.0,149.0,0.0,,,,True,McTrios Comida
ubereats,MX,CDMX,Ecatepec,low,19.6011,-99.0506,2026-04-07T22:39:01,McDonald's Plaza San Juan,Avenida Central &amp; Avenida Hacienda de Rancho Seco,mcnuggets_10,McTrio mediano McNuggets 10 pzas,159.0,159.0,0.0,,,,True,McTrios Comida
ubereats,MX,CDMX,Ecatepec,low,19.6011,-99.0506,2026-04-07T22:39:01,McDonald's Plaza San Juan,Avenida Central &amp; Avenida Hacienda de Rancho Seco,big_mac,Big Mac Tocino,145.0,145.0,0.0,,,,True,A La Carta Comida
ubereats,MX,CDMX,Ecatepec,low,19.6011,-99.0506,2026-04-07T22:39:01,McDonald's Plaza San Juan,Avenida Central &amp; Avenida Hacienda de Rancho Seco,big_mac,Big Mac,125.0,125.0,0.0,,,,True,A La Carta Comida
ubereats,MX,CDMX,Ecatepec,low,19.6011,-99.0506,2026-04-07T22:39:01,McDonald's Plaza San Juan,Avenida Central &amp; Avenida Hacienda de Rancho Seco,coca_cola,Coca-Cola mediana,55.0,55.0,0.0,,,,True,Bebidas
didi,MX,CDMX,Polanco,premium,19.43161,-99.18605,2026-04-07T22:33:35,McDonald's (Plaza Galerías),"Ubicado en el corazón de Plaza Galerías, McDonald's ofrece un ambiente acogedor y familiar para disfrutar de sus icónicos platillos. Con una amplia variedad de opciones, desde las clásicas hamburguesa",big_mac,Big Mac Tocino,145.0,145.0,0.0,,,,True,
didi,MX,CDMX,Polanco,premium,19.43161,-99.18605,2026-04-07T22:33:35,McDonald's (Plaza Galerías),"Ubicado en el corazón de Plaza Galerías, McDonald's ofrece un ambiente acogedor y familiar para disfrutar de sus icónicos platillos. Con una amplia variedad de opciones, desde las clásicas hamburguesa",mctrio_big_mac,McTrío mediano Big Mac Tocino,169.0,169.0,0.0,,,,True,
didi,MX,CDMX,Polanco,premium,19.43161,-99.18605,2026-04-07T22:33:35,McDonald's (Plaza Galerías),"Ubicado en el corazón de Plaza Galerías, McDonald's ofrece un ambiente acogedor y familiar para disfrutar de sus icónicos platillos. Con una amplia variedad de opciones, desde las clásicas hamburguesa",mctrio_big_mac,McTrío Big Mac + McTrío Cuarto de Libra,308.0,308.0,0.0,,,,True,
didi,MX,CDMX,Polanco,premium,19.43161,-99.18605,2026-04-07T22:33:35,McDonald's (Plaza Galerías),"Ubicado en el corazón de Plaza Galerías, McDonald's ofrece un ambiente acogedor y familiar para disfrutar de sus icónicos platillos. Con una amplia variedad de opciones, desde las clásicas hamburguesa",big_mac,Big Mac,125.0,125.0,0.0,,,,True,
didi,MX,CDMX,Polanco,premium,19.43161,-99.18605,2026-04-07T22:33:35,McDonald's (Plaza Galerías),"Ubicado en el corazón de Plaza Galerías, McDonald's ofrece un ambiente acogedor y familiar para disfrutar de sus icónicos platillos. Con una amplia variedad de opciones, desde las clásicas hamburguesa",coca_cola,Coca-Cola mediana,55.0,55.0,0.0,,,,True,
didi,MX,CDMX,Polanco,premium,19.43161,-99.18605,2026-04-07T22:33:35,McDonald's (Plaza Galerías),"Ubicado en el corazón de Plaza Galerías, McDonald's ofrece un ambiente acogedor y familiar para disfrutar de sus icónicos platillos. Con una amplia variedad de opciones, desde las clásicas hamburguesa",coca_cola,Coca-Cola Zero mediana,55.0,55.0,0.0,,,,True,
didi,MX,CDMX,Polanco,premium,19.43161,-99.18605,2026-04-07T22:33:35,McDonald's (Plaza Galerías),"Ubicado en el corazón de Plaza Galerías, McDonald's ofrece un ambiente acogedor y familiar para disfrutar de sus icónicos platillos. Con una amplia variedad de opciones, desde las clásicas hamburguesa",coca_cola,Coca-Cola mediana,55.0,55.0,0.0,,,,True,
didi,MX,CDMX,Polanco,premium,19.43161,-99.18605,2026-04-07T22:33:35,McDonald's (Plaza Galerías),"Ubicado en el corazón de Plaza Galerías, McDonald's ofrece un ambiente acogedor y familiar para disfrutar de sus icónicos platillos. Con una amplia variedad de opciones, desde las clásicas hamburguesa",coca_cola,Coca-Cola Zero mediana,55.0,55.0,0.0,,,,True,
didi,MX,CDMX,Santa Fe,premium,19.35932,-99.26075,2026-04-07T22:33:35,McDonald's (Zentrika),"Ubicado en Lateral Autopista México-Marquesa 1235, en Santa Fe, Cuajimalpa de Morelos, el restaurante McDonald's Zentrika ofrece una experiencia única para disfrutar de tus platillos favoritos. Con un",mctrio_big_mac,McTrío mediano Big Mac Tocino,189.0,189.0,0.0,,,,True,
didi,MX,CDMX,Santa Fe,premium,19.35932,-99.26075,2026-04-07T22:33:35,McDonald's (Zentrika),"Ubicado en Lateral Autopista México-Marquesa 1235, en Santa Fe, Cuajimalpa de Morelos, el restaurante McDonald's Zentrika ofrece una experiencia única para disfrutar de tus platillos favoritos. Con un",big_mac,Big Mac Tocino,165.0,165.0,0.0,,,,True,
didi,MX,CDMX,Santa Fe,premium,19.35932,-99.26075,2026-04-07T22:33:35,McDonald's (Zentrika),"Ubicado en Lateral Autopista México-Marquesa 1235, en Santa Fe, Cuajimalpa de Morelos, el restaurante McDonald's Zentrika ofrece una experiencia única para disfrutar de tus platillos favoritos. Con un",mctrio_big_mac,McTrío Big Mac mediano+McFlurry Oreo,218.0,218.0,0.0,,,,True,
didi,MX,CDMX,Santa Fe,premium,19.35932,-99.26075,2026-04-07T22:33:35,McDonald's (Zentrika),"Ubicado en Lateral Autopista México-Marquesa 1235, en Santa Fe, Cuajimalpa de Morelos, el restaurante McDonald's Zentrika ofrece una experiencia única para disfrutar de tus platillos favoritos. Con un",coca_cola,Coca-Cola Zero mediana,65.0,65.0,0.0,,,,True,
didi,MX,CDMX,Santa Fe,premium,19.35932,-99.26075,2026-04-07T22:33:35,McDonald's (Zentrika),"Ubicado en Lateral Autopista México-Marquesa 1235, en Santa Fe, Cuajimalpa de Morelos, el restaurante McDonald's Zentrika ofrece una experiencia única para disfrutar de tus platillos favoritos. Con un",coca_cola,Coca-Cola mediana,65.0,65.0,0.0,,,,True,
didi,MX,CDMX,Santa Fe,premium,19.35932,-99.26075,2026-04-07T22:33:35,McDonald's (Zentrika),"Ubicado en Lateral Autopista México-Marquesa 1235, en Santa Fe, Cuajimalpa de Morelos, el restaurante McDonald's Zentrika ofrece una experiencia única para disfrutar de tus platillos favoritos. Con un",coca_cola,Coca-Cola Zero mediana,65.0,65.0,0.0,,,,True,
didi,MX,CDMX,Roma Norte,mid-high,19.4196,-99.1607,2026-04-07T22:33:35,McDonald's (Zona Rosa),"Ubicado en el corazón de la Zona Rosa, McDonald's en Calle Génova No. 56, Juárez, Cuauhtémoc, 06600 Ciudad de México, CDMX, ofrece un ambiente vibrante y acogedor ideal para disfrutar de una comida rá",big_mac,Big Mac Tocino,145.0,145.0,0.0,,,,True,
didi,MX,CDMX,Roma Norte,mid-high,19.4196,-99.1607,2026-04-07T22:33:35,McDonald's (Zona Rosa),"Ubicado en el corazón de la Zona Rosa, McDonald's en Calle Génova No. 56, Juárez, Cuauhtémoc, 06600 Ciudad de México, CDMX, ofrece un ambiente vibrante y acogedor ideal para disfrutar de una comida rá",mctrio_big_mac,McTrío mediano Big Mac Tocino,169.0,169.0,0.0,,,,True,
didi,MX,CDMX,Roma Norte,mid-high,19.4196,-99.1607,2026-04-07T22:33:35,McDonald's (Zona Rosa),"Ubicado en el corazón de la Zona Rosa, McDonald's en Calle Génova No. 56, Juárez, Cuauhtémoc, 06600 Ciudad de México, CDMX, ofrece un ambiente vibrante y acogedor ideal para disfrutar de una comida rá",mctrio_big_mac,McTrío Big Mac + McTrío Cuarto de Libra,308.0,308.0,0.0,,,,True,
didi,MX,CDMX,Roma Norte,mid-high,19.4196,-99.1607,2026-04-07T22:33:35,McDonald's (Zona Rosa),"Ubicado en el corazón de la Zona Rosa, McDonald's en Calle Génova No. 56, Juárez, Cuauhtémoc, 06600 Ciudad de México, CDMX, ofrece un ambiente vibrante y acogedor ideal para disfrutar de una comida rá",mctrio_big_mac,McTrío Big Mac mediano+McFlurry Oreo,208.0,208.0,0.0,,,,True,
didi,MX,CDMX,Roma Norte,mid-high,19.4196,-99.1607,2026-04-07T22:33:35,McDonald's (Zona Rosa),"Ubicado en el corazón de la Zona Rosa, McDonald's en Calle Génova No. 56, Juárez, Cuauhtémoc, 06600 Ciudad de México, CDMX, ofrece un ambiente vibrante y acogedor ideal para disfrutar de una comida rá",big_mac,Big Mac,125.0,125.0,0.0,,,,True,
didi,MX,CDMX,Roma Norte,mid-high,19.4196,-99.1607,2026-04-07T22:33:35,McDonald's (Zona Rosa),"Ubicado en el corazón de la Zona Rosa, McDonald's en Calle Génova No. 56, Juárez, Cuauhtémoc, 06600 Ciudad de México, CDMX, ofrece un ambiente vibrante y acogedor ideal para disfrutar de una comida rá",coca_cola,Coca-Cola Zero mediana,55.0,55.0,0.0,,,,True,
didi,MX,CDMX,Roma Norte,mid-high,19.4196,-99.1607,2026-04-07T22:33:35,McDonald's (Zona Rosa),"Ubicado en el corazón de la Zona Rosa, McDonald's en Calle Génova No. 56, Juárez, Cuauhtémoc, 06600 Ciudad de México, CDMX, ofrece un ambiente vibrante y acogedor ideal para disfrutar de una comida rá",coca_cola,Coca-Cola mediana,55.0,55.0,0.0,,,,True,
didi,MX,CDMX,Roma Norte,mid-high,19.4196,-99.1607,2026-04-07T22:33:35,McDonald's (Zona Rosa),"Ubicado en el corazón de la Zona Rosa, McDonald's en Calle Génova No. 56, Juárez, Cuauhtémoc, 06600 Ciudad de México, CDMX, ofrece un ambiente vibrante y acogedor ideal para disfrutar de una comida rá",coca_cola,Coca-Cola mediana,55.0,55.0,0.0,,,,True,
didi,MX,CDMX,Roma Norte,mid-high,19.4196,-99.1607,2026-04-07T22:33:35,McDonald's (Zona Rosa),"Ubicado en el corazón de la Zona Rosa, McDonald's en Calle Génova No. 56, Juárez, Cuauhtémoc, 06600 Ciudad de México, CDMX, ofrece un ambiente vibrante y acogedor ideal para disfrutar de una comida rá",coca_cola,Coca-Cola Zero mediana,55.0,55.0,0.0,,,,True,
didi,MX,CDMX,Del Valle,mid-high,19.385,-99.165,2026-04-07T22:33:35,McDonald's (Parque Hundido),"Ubicado en la Av. de los Insurgentes Sur 1122, en el corazón de Tlacoquemecatl del Valle, el restaurante McDonald's del Parque Hundido ofrece un ambiente acogedor y familiar. Con su icónica decoración",big_mac,Big Mac Tocino,159.0,159.0,0.0,,,,True,
didi,MX,CDMX,Del Valle,mid-high,19.385,-99.165,2026-04-07T22:33:35,McDonald's (Parque Hundido),"Ubicado en la Av. de los Insurgentes Sur 1122, en el corazón de Tlacoquemecatl del Valle, el restaurante McDonald's del Parque Hundido ofrece un ambiente acogedor y familiar. Con su icónica decoración",mctrio_big_mac,McTrío mediano Big Mac Tocino,185.0,185.0,0.0,,,,True,
didi,MX,CDMX,Del Valle,mid-high,19.385,-99.165,2026-04-07T22:33:35,McDonald's (Parque Hundido),"Ubicado en la Av. de los Insurgentes Sur 1122, en el corazón de Tlacoquemecatl del Valle, el restaurante McDonald's del Parque Hundido ofrece un ambiente acogedor y familiar. Con su icónica decoración",mctrio_big_mac,McTrío Big Mac mediano+McFlurry Oreo,218.0,218.0,0.0,,,,True,
didi,MX,CDMX,Del Valle,mid-high,19.385,-99.165,2026-04-07T22:33:35,McDonald's (Parque Hundido),"Ubicado en la Av. de los Insurgentes Sur 1122, en el corazón de Tlacoquemecatl del Valle, el restaurante McDonald's del Parque Hundido ofrece un ambiente acogedor y familiar. Con su icónica decoración",big_mac,Big Mac,139.0,139.0,0.0,,,,True,
didi,MX,CDMX,Del Valle,mid-high,19.385,-99.165,2026-04-07T22:33:35,McDonald's (Parque Hundido),"Ubicado en la Av. de los Insurgentes Sur 1122, en el corazón de Tlacoquemecatl del Valle, el restaurante McDonald's del Parque Hundido ofrece un ambiente acogedor y familiar. Con su icónica decoración",coca_cola,Coca-Cola Zero mediana,59.0,59.0,0.0,,,,True,
didi,MX,CDMX,Del Valle,mid-high,19.385,-99.165,2026-04-07T22:33:35,McDonald's (Parque Hundido),"Ubicado en la Av. de los Insurgentes Sur 1122, en el corazón de Tlacoquemecatl del Valle, el restaurante McDonald's del Parque Hundido ofrece un ambiente acogedor y familiar. Con su icónica decoración",coca_cola,Coca-Cola mediana,59.0,59.0,0.0,,,,True,
didi,MX,CDMX,Del Valle,mid-high,19.385,-99.165,2026-04-07T22:33:35,McDonald's (Parque Hundido),"Ubicado en la Av. de los Insurgentes Sur 1122, en el corazón de Tlacoquemecatl del Valle, el restaurante McDonald's del Parque Hundido ofrece un ambiente acogedor y familiar. Con su icónica decoración",coca_cola,Coca-Cola mediana,59.0,59.0,0.0,,,,True,
didi,MX,CDMX,Del Valle,mid-high,19.385,-99.165,2026-04-07T22:33:35,McDonald's (Parque Hundido),"Ubicado en la Av. de los Insurgentes Sur 1122, en el corazón de Tlacoquemecatl del Valle, el restaurante McDonald's del Parque Hundido ofrece un ambiente acogedor y familiar. Con su icónica decoración",coca_cola,Coca-Cola Zero mediana,59.0,59.0,0.0,,,,True,
didi,MX,CDMX,Coyoacán,mid,19.3498,-99.162,2026-04-07T22:33:35,McDonald's (División del Norte),"Ubicado en la vibrante Colonia Parque San Andrés, McDonald's en División del Norte es el lugar ideal para disfrutar de una experiencia gastronómica rápida y deliciosa. Con su emblemático menú que incl",mctrio_big_mac,McTrío mediano Big Mac Tocino,189.0,189.0,0.0,,,,True,
didi,MX,CDMX,Coyoacán,mid,19.3498,-99.162,2026-04-07T22:33:35,McDonald's (División del Norte),"Ubicado en la vibrante Colonia Parque San Andrés, McDonald's en División del Norte es el lugar ideal para disfrutar de una experiencia gastronómica rápida y deliciosa. Con su emblemático menú que incl",big_mac,Big Mac Tocino,165.0,165.0,0.0,,,,True,
didi,MX,CDMX,Coyoacán,mid,19.3498,-99.162,2026-04-07T22:33:35,McDonald's (División del Norte),"Ubicado en la vibrante Colonia Parque San Andrés, McDonald's en División del Norte es el lugar ideal para disfrutar de una experiencia gastronómica rápida y deliciosa. Con su emblemático menú que incl",big_mac,Big Mac,145.0,145.0,0.0,,,,True,
didi,MX,CDMX,Coyoacán,mid,19.3498,-99.162,2026-04-07T22:33:35,McDonald's (División del Norte),"Ubicado en la vibrante Colonia Parque San Andrés, McDonald's en División del Norte es el lugar ideal para disfrutar de una experiencia gastronómica rápida y deliciosa. Con su emblemático menú que incl",coca_cola,Coca-Cola mediana,65.0,65.0,0.0,,,,True,
didi,MX,CDMX,Coyoacán,mid,19.3498,-99.162,2026-04-07T22:33:35,McDonald's (División del Norte),"Ubicado en la vibrante Colonia Parque San Andrés, McDonald's en División del Norte es el lugar ideal para disfrutar de una experiencia gastronómica rápida y deliciosa. Con su emblemático menú que incl",coca_cola,Coca-Cola Zero mediana,65.0,65.0,0.0,,,,True,
didi,MX,CDMX,Coyoacán,mid,19.3498,-99.162,2026-04-07T22:33:35,McDonald's (División del Norte),"Ubicado en la vibrante Colonia Parque San Andrés, McDonald's en División del Norte es el lugar ideal para disfrutar de una experiencia gastronómica rápida y deliciosa. Con su emblemático menú que incl",coca_cola,Coca-Cola mediana,65.0,65.0,0.0,,,,True,
didi,MX,CDMX,Coyoacán,mid,19.3498,-99.162,2026-04-07T22:33:35,McDonald's (División del Norte),"Ubicado en la vibrante Colonia Parque San Andrés, McDonald's en División del Norte es el lugar ideal para disfrutar de una experiencia gastronómica rápida y deliciosa. Con su emblemático menú que incl",coca_cola,Coca-Cola Zero mediana,65.0,65.0,0.0,,,,True,
didi,MX,CDMX,Centro Histórico,mid,19.4326,-99.1332,2026-04-07T22:33:35,McDonald's (Centro Palma),"Ubicado en el corazón del Centro Histórico de la Ciudad de México, McDonald's en Calle de Tacuba 80 ofrece una experiencia única para disfrutar de la famosa comida rápida en un ambiente vibrante. Este",mctrio_big_mac,McTrío mediano Big Mac Tocino,169.0,169.0,0.0,,,,True,
didi,MX,CDMX,Centro Histórico,mid,19.4326,-99.1332,2026-04-07T22:33:35,McDonald's (Centro Palma),"Ubicado en el corazón del Centro Histórico de la Ciudad de México, McDonald's en Calle de Tacuba 80 ofrece una experiencia única para disfrutar de la famosa comida rápida en un ambiente vibrante. Este",big_mac,Big Mac Tocino,145.0,145.0,0.0,,,,True,
didi,MX,CDMX,Centro Histórico,mid,19.4326,-99.1332,2026-04-07T22:33:35,McDonald's (Centro Palma),"Ubicado en el corazón del Centro Histórico de la Ciudad de México, McDonald's en Calle de Tacuba 80 ofrece una experiencia única para disfrutar de la famosa comida rápida en un ambiente vibrante. Este",mctrio_big_mac,McTrío Big Mac mediano+McFlurry Oreo,208.0,208.0,0.0,,,,True,
didi,MX,CDMX,Centro Histórico,mid,19.4326,-99.1332,2026-04-07T22:33:35,McDonald's (Centro Palma),"Ubicado en el corazón del Centro Histórico de la Ciudad de México, McDonald's en Calle de Tacuba 80 ofrece una experiencia única para disfrutar de la famosa comida rápida en un ambiente vibrante. Este",big_mac,Big Mac,125.0,125.0,0.0,,,,True,
didi,MX,CDMX,Centro Histórico,mid,19.4326,-99.1332,2026-04-07T22:33:35,McDonald's (Centro Palma),"Ubicado en el corazón del Centro Histórico de la Ciudad de México, McDonald's en Calle de Tacuba 80 ofrece una experiencia única para disfrutar de la famosa comida rápida en un ambiente vibrante. Este",coca_cola,Coca-Cola Zero mediana,55.0,55.0,0.0,,,,True,
didi,MX,CDMX,Centro Histórico,mid,19.4326,-99.1332,2026-04-07T22:33:35,McDonald's (Centro Palma),"Ubicado en el corazón del Centro Histórico de la Ciudad de México, McDonald's en Calle de Tacuba 80 ofrece una experiencia única para disfrutar de la famosa comida rápida en un ambiente vibrante. Este",coca_cola,Coca-Cola mediana,55.0,55.0,0.0,,,,True,
didi,MX,CDMX,Centro Histórico,mid,19.4326,-99.1332,2026-04-07T22:33:35,McDonald's (Centro Palma),"Ubicado en el corazón del Centro Histórico de la Ciudad de México, McDonald's en Calle de Tacuba 80 ofrece una experiencia única para disfrutar de la famosa comida rápida en un ambiente vibrante. Este",coca_cola,Coca-Cola mediana,55.0,55.0,0.0,,,,True,
didi,MX,CDMX,Iztapalapa,low,19.3578,-99.0892,2026-04-07T22:33:35,McDonald's (Ermita San Miguel),"Ubicado en Ermita Iztapalapa 2120, en la 2da Ampliación San Miguel, McDonald's ofrece un ambiente familiar y acogedor en Iztapalapa. Este icónico restaurante de comida rápida es conocido por su variad",mctrio_big_mac,McTrío mediano Big Mac Tocino,169.0,169.0,0.0,,,,True,
didi,MX,CDMX,Iztapalapa,low,19.3578,-99.0892,2026-04-07T22:33:35,McDonald's (Ermita San Miguel),"Ubicado en Ermita Iztapalapa 2120, en la 2da Ampliación San Miguel, McDonald's ofrece un ambiente familiar y acogedor en Iztapalapa. Este icónico restaurante de comida rápida es conocido por su variad",big_mac,Big Mac Tocino,145.0,145.0,0.0,,,,True,
didi,MX,CDMX,Iztapalapa,low,19.3578,-99.0892,2026-04-07T22:33:35,McDonald's (Ermita San Miguel),"Ubicado en Ermita Iztapalapa 2120, en la 2da Ampliación San Miguel, McDonald's ofrece un ambiente familiar y acogedor en Iztapalapa. Este icónico restaurante de comida rápida es conocido por su variad",mctrio_big_mac,McTrío Big Mac + McTrío Cuarto de Libra,308.0,308.0,0.0,,,,True,
didi,MX,CDMX,Iztapalapa,low,19.3578,-99.0892,2026-04-07T22:33:35,McDonald's (Ermita San Miguel),"Ubicado en Ermita Iztapalapa 2120, en la 2da Ampliación San Miguel, McDonald's ofrece un ambiente familiar y acogedor en Iztapalapa. Este icónico restaurante de comida rápida es conocido por su variad",big_mac,Big Mac,125.0,125.0,0.0,,,,True,
didi,MX,CDMX,Iztapalapa,low,19.3578,-99.0892,2026-04-07T22:33:35,McDonald's (Ermita San Miguel),"Ubicado en Ermita Iztapalapa 2120, en la 2da Ampliación San Miguel, McDonald's ofrece un ambiente familiar y acogedor en Iztapalapa. Este icónico restaurante de comida rápida es conocido por su variad",coca_cola,Coca-Cola Zero mediana,55.0,55.0,0.0,,,,True,
didi,MX,CDMX,Iztapalapa,low,19.3578,-99.0892,2026-04-07T22:33:35,McDonald's (Ermita San Miguel),"Ubicado en Ermita Iztapalapa 2120, en la 2da Ampliación San Miguel, McDonald's ofrece un ambiente familiar y acogedor en Iztapalapa. Este icónico restaurante de comida rápida es conocido por su variad",coca_cola,Coca-Cola mediana,55.0,55.0,0.0,,,,True,
didi,MX,CDMX,Ecatepec,low,19.6011,-99.0506,2026-04-07T22:33:35,McDonald's (Plaza San Juan),"Ubicado en la Avenida Central Carlos Hank González, el restaurante McDonald's de Plaza San Juan en Nezahualcóyotl es un lugar ideal para disfrutar de una comida rápida y deliciosa. Con un ambiente fam",mctrio_big_mac,McTrío mediano Big Mac Tocino,169.0,169.0,0.0,,,,True,
didi,MX,CDMX,Ecatepec,low,19.6011,-99.0506,2026-04-07T22:33:35,McDonald's (Plaza San Juan),"Ubicado en la Avenida Central Carlos Hank González, el restaurante McDonald's de Plaza San Juan en Nezahualcóyotl es un lugar ideal para disfrutar de una comida rápida y deliciosa. Con un ambiente fam",big_mac,Big Mac Tocino,145.0,145.0,0.0,,,,True,
didi,MX,CDMX,Ecatepec,low,19.6011,-99.0506,2026-04-07T22:33:35,McDonald's (Plaza San Juan),"Ubicado en la Avenida Central Carlos Hank González, el restaurante McDonald's de Plaza San Juan en Nezahualcóyotl es un lugar ideal para disfrutar de una comida rápida y deliciosa. Con un ambiente fam",mctrio_big_mac,McTrío Big Mac + McTrío Cuarto de Libra,308.0,308.0,0.0,,,,True,
didi,MX,CDMX,Ecatepec,low,19.6011,-99.0506,2026-04-07T22:33:35,McDonald's (Plaza San Juan),"Ubicado en la Avenida Central Carlos Hank González, el restaurante McDonald's de Plaza San Juan en Nezahualcóyotl es un lugar ideal para disfrutar de una comida rápida y deliciosa. Con un ambiente fam",mctrio_big_mac,McTrío Big Mac mediano+McFlurry Oreo,208.0,208.0,0.0,,,,True,
didi,MX,CDMX,Ecatepec,low,19.6011,-99.0506,2026-04-07T22:33:35,McDonald's (Plaza San Juan),"Ubicado en la Avenida Central Carlos Hank González, el restaurante McDonald's de Plaza San Juan en Nezahualcóyotl es un lugar ideal para disfrutar de una comida rápida y deliciosa. Con un ambiente fam",big_mac,Big Mac,125.0,125.0,0.0,,,,True,
didi,MX,CDMX,Ecatepec,low,19.6011,-99.0506,2026-04-07T22:33:35,McDonald's (Plaza San Juan),"Ubicado en la Avenida Central Carlos Hank González, el restaurante McDonald's de Plaza San Juan en Nezahualcóyotl es un lugar ideal para disfrutar de una comida rápida y deliciosa. Con un ambiente fam",coca_cola,Coca-Cola mediana,55.0,55.0,0.0,,,,True,
didi,MX,CDMX,Ecatepec,low,19.6011,-99.0506,2026-04-07T22:33:35,McDonald's (Plaza San Juan),"Ubicado en la Avenida Central Carlos Hank González, el restaurante McDonald's de Plaza San Juan en Nezahualcóyotl es un lugar ideal para disfrutar de una comida rápida y deliciosa. Con un ambiente fam",coca_cola,Coca-Cola mediana,55.0,55.0,0.0,,,,True,
